ts	phase	decision	why	evidence	result
2026-10-01T06:17:53Z	scope	Make Paper the default and rename the project	Michael requested a Paper-first plugin template with final merge approval	settings.gradle	open
2026-10-01T06:17:53Z	dependencies	Use Java 25 and a stable 26.2 API with latest 26.3 and stable 26.2 server validation	The latest Paper release is beta and MockBukkit supports the stable API	https://fill.papermc.io/v3/projects/paper/versions/26.3/builds/latest	open
2026-10-01T06:36:22Z	implementation	Replace the dependency-heavy example with native commands and literal Adventure greetings	The starter needs no bundled library or economy integration	src/main/java/net/silthus/template/TemplatePlugin.java	12 focused Java tests pass
2026-10-01T06:36:22Z	validation	Read the Paper build from startup logs and specify flat-world generator layers	RCON version replies asynchronously and empty flat generator settings log an error	build/validation/20261001T062836Z-9e3d91/latest/final.log	corrected in tooling
2026-10-01T06:43:53Z	validation	Both real Paper profiles passed command, reload, restart, invalid-startup, and recovery checks	Classloading and lifecycle behavior need real server proof	build/validation/20261001T063659Z-cd34b0/results.json	32 checks passed with clean shutdowns
2026-10-01T06:43:53Z	agent-workflow	Create and validate WelcomePlugin from a fresh personalized copy	Users need the documented setup flow to work without hand edits	build/agent-validation/results.json	both profiles passed
2026-10-01T06:43:53Z	independent-validation	Write failed reports for errors before server startup	An independent agent found that a bad packaged descriptor failed without a report	scripts/tests/test_template.py	fixed and independently retested
2026-10-01T06:46:04Z	evidence	Preserve validation evidence when building or starting a development server	The independent validator observed that clean builds removed previous reports	scripts/template.py	default build now preserves reports
2026-10-01T06:57:42Z	final-local	Validate the final template build and both server profiles after fixes	The final report must describe the actual plugin jar and its runtime behavior	docs/validation/2026-10-01/template.json	both profiles passed; jar checksum verified
2026-10-01T06:57:42Z	evidence-correction	Record direct Java test and independent behavior evidence	Earlier entries linked implementation files instead of executable evidence	docs/validation.md	12 Java cases and independent probes verified
2026-10-01T06:57:42Z	review	Fix corrected-author personalization and extend the public workflow gate	The cross-model review found an ignored metadata field and missing CI lifecycle coverage	scripts/tests/test_template.py	10 tooling tests pass; extended local workflow passes
2026-10-01T06:57:42Z	hosted-ci	Validate the same template jar on AMD64 hosted runners	Local ARM64 execution alone does not prove hosted CI works	https://github.com/sVoxelDev/spigot-plugin-template/actions/runs/36826690576	all jobs passed; artifact checksum matches local build
2026-10-01T07:01:47Z	checkpoint-clarification	The final-local checkpoint is plugin artifact and server proof from 06:43, before later tooling changes	Its jar is unchanged by metadata and workflow fixes; do not conflate those verification times	docs/validation/2026-10-01/template.json	plugin/server validation passed
2026-10-01T07:01:47Z	review-evidence	Record executable tooling output and the expanded workflow result after the review fixes	The earlier review row cited test source rather than its runtime result	docs/validation.md	10 tooling tests pass; recorded local-server lifecycle passes
2026-10-01T09:18:33Z	review-61	Fix all three GPT-6.1 Sol P2 findings	Failed startup cleanup, disablement timing, and renamed entrypoints must match the documented workflow	docs/validation.md	13 tooling tests and both real server matrices pass; occupied-port recovery passes
2026-10-01T09:18:33Z	validation-isolation	Disable background upstream update checks only on isolated validation servers	Paper release API 503/timeouts caused unrelated errors while pinned artifact and build checks already establish the server version	docs/validation/2026-10-01/review-template.json	both pinned profiles pass without weakening plugin log checks
